dataset_name,ori_acc,adv_acc
50words0.1,1.0,0.2533333333333333
Adiac0.1,1.0,0.03333333333333333
ArrowHead0.1,1.0,0.3055555555555556
Beef0.1,1.0,0.13333333333333333
BeetleFly0.1,1.0,0.5
BirdChicken0.1,1.0,0.5
Car0.1,1.0,0.2833333333333333
CBF0.1,1.0,1.0
ChlorineConcentration0.1,1.0,0.01284796573875803
