lastSensorEventHours,lastSensorEventSeconds,windowDuration,lastMotionLocation,sensorCount-Kitchen,sensorElTime-Bathroom,sensorElTime-Bedroom,sensorElTime-Chair,sensorElTime-Kitchen,sensorElTime-OutsideDoor,activity
11,42604,245,7,0.0,744.794231,593.410195,86400.0,263.24586899999997,223.68603199999998,Phone
11,42605,244,7,0.0,745.890751,594.506715,86400.0,264.342389,224.782552,Phone
11,42605,243,7,0.0,745.918953,594.534917,86400.0,264.370591,224.810754,Phone
11,42606,244,7,0.0,747.5916980000001,596.207662,86400.0,266.043336,226.48349900000002,Phone
11,42608,243,7,0.0,749.202396,597.81836,86400.0,267.65403399999997,228.094197,Phone
11,42617,252,7,0.0,758.6364580000001,607.252422,86400.0,277.088096,237.528259,Phone
